Designator,Mid X,Mid Y,Rotation,Layer
D1,150.56,-92.45,90.0,bottom
D2,169.61,-92.45,90.0,bottom
D3,188.66,-92.45,90.0,bottom
D4,150.56,-111.5,90.0,bottom
D5,169.61,-111.5,90.0,bottom
D6,188.66,-111.5,90.0,bottom
J1,164.5,-63.1,0.0,top
J2,140.87375,-65.5,0.0,top
R1,195.5,-80.5875,90.0,top
RV1,125.25,-103.0,0.0,top
SW1,145.48,-88.45,0.0,top
SW2,164.53,-88.45,0.0,top
SW3,183.58,-88.45,0.0,top
SW4,145.48,-107.5,0.0,top
SW5,164.53,-107.5,0.0,top
SW6,183.58,-107.5,0.0,top
U1,192.9175,-57.489,0.0,top
U2,191.69,-74.0,90.0,top
